variable,region,year,mean,sd,n,min,max
even_split_disbursement,All,2013,4914217.6508672675,9067647.51853061,268,996.224741228,84759997.6598
even_split_disbursement,All,2014,1443921.8197185597,4192766.164589723,455,4018.35030871,36469033.6225
even_split_disbursement,All,2015,12662719.091044124,22004524.738278523,120,1444.33168698,53205708.954
even_split_disbursement,All,2016,433777.03717937774,342969.4928921432,27,24089.4214174,791937.548003
even_split_disbursement,All,2017,1951085.5307854048,1101231.8804784485,113,32985.6699752,4565914.26957
even_split_disbursement,Abim District,2013,191758.440918,2528.6251909230837,8,189393.128637,194123.753199
even_split_disbursement,Abim District,2014,68481.52070078428,91506.39429336443,7,4018.35030871,201015.376093
even_split_disbursement,Adjumani District,2014,1594825.0676196683,1226018.9194481433,6,4018.35030871,2386210.07596
even_split_disbursement,Agago District,2014,4695.062913,NA,1,4695.062913,4695.062913
even_split_disbursement,Agago District,2015,162099.145294,0,3,162099.145294,162099.145294
even_split_disbursement,Agago District,2017,1812909.2707294333,1524065.0549373254,3,53070.5312683,2692828.64046
even_split_disbursement,Alebtong District,2013,10965364.901561083,26540931.33503112,6,30957.9771812,65141325.9573
even_split_disbursement,Alebtong District,2014,5575.387209189999,1244.9665589584476,2,4695.062913,6455.71150538
even_split_disbursement,Amolatar District,2014,998213.193232239,1196893.9534999114,10,4018.35030871,2386210.07596
even_split_disbursement,Amolatar District,2017,137283.176422,0,3,137283.176422,137283.176422
even_split_disbursement,Amudat District,2013,194123.753199,0,4,194123.753199,194123.753199
even_split_disbursement,Amudat District,2014,54208.51344012,74936.56556860128,4,4695.062913,163604.262919
even_split_disbursement,Amuria District,2014,1151239.190983401,1095023.3432035244,10,4018.35030871,2386210.07596
even_split_disbursement,Amuria District,2015,113021.25168,0,3,113021.25168,113021.25168
even_split_disbursement,Amuria District,2017,2313689.07879,0,7,2313689.07879,2313689.07879
even_split_disbursement,Amuru District,2013,86336.6110757,0,2,86336.6110757,86336.6110757
even_split_disbursement,Amuru District,2014,1235006.2467290012,1131218.6826402098,9,4018.35030871,2386210.07596
even_split_disbursement,Amuru District,2015,274637.469588,0,3,274637.469588,274637.469588
even_split_disbursement,Amuru District,2017,2397942.314716667,167184.83206080933,9,2313689.07879,2692828.64046
even_split_disbursement,Apac District,2014,1021270.4741676926,1164785.4111413832,15,4018.35030871,2418516.96708
even_split_disbursement,Apac District,2016,39407.0746775,NA,1,39407.0746775,39407.0746775
even_split_disbursement,Apac District,2017,1832777.5301430002,1032314.7229128412,12,137283.176422,2692828.64046
even_split_disbursement,Arua District,2014,1800748.0424847512,1104103.6747437662,8,4018.35030871,2418516.96708
even_split_disbursement,Arua District,2017,57823.9579324,NA,1,57823.9579324,57823.9579324
even_split_disbursement,Budaka District,2014,1594825.0676196683,1226018.9194481433,6,4018.35030871,2386210.07596
even_split_disbursement,Bugiri District,2013,397164.023098,0,3,397164.023098,397164.023098
even_split_disbursement,Bugiri District,2014,201015.376093,0,2,201015.376093,201015.376093
even_split_disbursement,Buikwe District,2013,18580201.395,0,4,18580201.395,18580201.395
even_split_disbursement,Buikwe District,2014,201015.376093,0,2,201015.376093,201015.376093
even_split_disbursement,Bukedea District,2014,1246372.6447380013,1220636.2590594455,8,4018.35030871,2386210.07596
even_split_disbursement,Bukedea District,2015,113021.25168,0,3,113021.25168,113021.25168
even_split_disbursement,Bukomansimbi District,2014,201015.376093,0,2,201015.376093,201015.376093
even_split_disbursement,Bukwa District,2014,1246372.6447380013,1220636.2590594455,8,4018.35030871,2386210.07596
even_split_disbursement,Bukwa District,2015,47516.2523859,0,2,47516.2523859,47516.2523859
even_split_disbursement,Bulisa District,2014,1246372.6447380013,1220636.2590594455,8,4018.35030871,2386210.07596
even_split_disbursement,Bulisa District,2017,32985.6699752,0,2,32985.6699752,32985.6699752
even_split_disbursement,Bundibugyo District,2013,25565334.8604,0,4,25565334.8604,25565334.8604
even_split_disbursement,Bundibugyo District,2014,201015.376093,0,2,201015.376093,201015.376093
even_split_disbursement,Bushenyi District,2013,397164.023098,0,3,397164.023098,397164.023098
even_split_disbursement,Busia District,2013,1505476.749506,831234.5448060001,9,397164.023098,2059633.11271
even_split_disbursement,Busia District,2014,1594825.0676196683,1226018.9194481433,6,4018.35030871,2386210.07596
even_split_disbursement,Butaleja District,2014,1246372.6447380013,1220636.2590594455,8,4018.35030871,2386210.07596
even_split_disbursement,Butambala District,2014,201015.376093,0,2,201015.376093,201015.376093
even_split_disbursement,Dokolo District,2014,1112151.193206639,1135079.4607266947,10,4018.35030871,2386210.07596
even_split_disbursement,Dokolo District,2016,31748.24804745,10831.216492080937,2,24089.4214174,39407.0746775
even_split_disbursement,Gomba District,2014,201015.376093,0,2,201015.376093,201015.376093
even_split_disbursement,Gulu District,2013,86336.6110757,0,2,86336.6110757,86336.6110757
even_split_disbursement,Gulu District,2014,1450190.0140655464,1119343.3933797467,11,4018.35030871,2418516.96708
even_split_disbursement,Gulu District,2015,218368.30744099998,61639.77879965545,6,162099.145294,274637.469588
even_split_disbursement,Gulu District,2016,39407.0746775,NA,1,39407.0746775,39407.0746775
even_split_disbursement,Gulu District,2017,2397942.314716667,167184.83206080933,9,2313689.07879,2692828.64046
even_split_disbursement,Hoima District,2013,202396.424289,0,2,202396.424289,202396.424289
even_split_disbursement,Hoima District,2014,201015.376093,0,2,201015.376093,201015.376093
even_split_disbursement,Hoima District,2015,834708.306515,0,3,834708.306515,834708.306515
even_split_disbursement,Hoima District,2017,32985.6699752,0,2,32985.6699752,32985.6699752
even_split_disbursement,Ibanda District,2013,397164.023098,0,3,397164.023098,397164.023098
even_split_disbursement,Ibanda District,2014,201015.376093,0,2,201015.376093,201015.376093
even_split_disbursement,Iganga District,2013,397164.023098,0,3,397164.023098,397164.023098
even_split_disbursement,Isingiro District,2013,208646.49128125713,176342.00386462684,7,67258.3424187,397164.023098
even_split_disbursement,Isingiro District,2014,483607.3226662,257969.97284572726,5,201015.376093,672001.953715
even_split_disbursement,Jinja District,2013,397164.023098,0,3,397164.023098,397164.023098
even_split_disbursement,Jinja District,2014,201015.376093,0,2,201015.376093,201015.376093
even_split_disbursement,Jinja District,2015,118076.993625,0,3,118076.993625,118076.993625
even_split_disbursement,Kaabong District,2013,194123.753199,0,4,194123.753199,194123.753199
even_split_disbursement,Kaabong District,2014,1014871.9044081356,1124126.6406716874,11,4018.35030871,2386210.07596
even_split_disbursement,Kabale District,2013,1505476.749506,831234.5448060001,9,397164.023098,2059633.11271
even_split_disbursement,Kabale District,2014,201015.376093,0,2,201015.376093,201015.376093
even_split_disbursement,Kabarole District,2013,25565334.8604,0,4,25565334.8604,25565334.8604
even_split_disbursement,Kabarole District,2014,201015.376093,0,2,201015.376093,201015.376093
even_split_disbursement,Kaberamaido District,2014,1126065.0467581123,1197486.5471058637,9,4018.35030871,2386210.07596
even_split_disbursement,Kaberamaido District,2015,113021.25168,0,3,113021.25168,113021.25168
even_split_disbursement,Kalangala District,2013,397164.023098,0,3,397164.023098,397164.023098
even_split_disbursement,Kalungu District,2014,201015.376093,0,2,201015.376093,201015.376093
even_split_disbursement,Kampala District,2013,7340409.96899087,6079444.8138632765,29,996.224741228,18580201.395
even_split_disbursement,Kampala District,2014,24536689.732905,17898515.834392503,9,672001.953715,36469033.6225
even_split_disbursement,Kampala District,2015,4661070.346375856,3000971.530063912,14,1444.33168698,6489930.95367
even_split_disbursement,Kampala District,2017,154840.095267,NA,1,154840.095267,154840.095267
even_split_disbursement,Kamuli District,2015,118076.993625,0,3,118076.993625,118076.993625
even_split_disbursement,Kamwenge District,2014,201015.376093,0,2,201015.376093,201015.376093
even_split_disbursement,Kapchorwa District,2014,1246372.6447380013,1220636.2590594455,8,4018.35030871,2386210.07596
even_split_disbursement,Kapchorwa District,2015,47516.2523859,0,2,47516.2523859,47516.2523859
even_split_disbursement,Kasese District,2014,201015.376093,0,2,201015.376093,201015.376093
even_split_disbursement,Katakwi District,2014,1126065.0467581123,1197486.5471058637,9,4018.35030871,2386210.07596
even_split_disbursement,Katakwi District,2015,113021.25168,0,3,113021.25168,113021.25168
even_split_disbursement,Katakwi District,2017,2313689.07879,0,7,2313689.07879,2313689.07879
even_split_disbursement,Kayunga District,2014,201015.376093,0,2,201015.376093,201015.376093
even_split_disbursement,Kibale District,2014,201015.376093,0,2,201015.376093,201015.376093
even_split_disbursement,Kiboga District,2014,163604.262919,NA,1,163604.262919,163604.262919
even_split_disbursement,Kiboga District,2016,791937.548003,0,2,791937.548003,791937.548003
even_split_disbursement,Kiruhura District,2013,397164.023098,0,3,397164.023098,397164.023098
even_split_disbursement,Kiruhura District,2014,201015.376093,0,2,201015.376093,201015.376093
even_split_disbursement,Kiruhura District,2015,171490.827634,0,2,171490.827634,171490.827634
even_split_disbursement,Kiryandongo District,2015,834708.306515,0,3,834708.306515,834708.306515
even_split_disbursement,Kiryandongo District,2016,24089.4214174,NA,1,24089.4214174,24089.4214174
even_split_disbursement,Kisoro District,2014,201015.376093,0,2,201015.376093,201015.376093
even_split_disbursement,Kitgum District,2013,350875.50636,NA,1,350875.50636,350875.50636
even_split_disbursement,Kitgum District,2014,1235006.2467290012,1131218.6826402098,9,4018.35030871,2386210.07596
even_split_disbursement,Kitgum District,2015,218368.30744099998,61639.77879965545,6,162099.145294,274637.469588
even_split_disbursement,Kitgum District,2016,39407.0746775,NA,1,39407.0746775,39407.0746775
even_split_disbursement,Kitgum District,2017,2397942.314716667,167184.83206080933,9,2313689.07879,2692828.64046
even_split_disbursement,Koboko District,2014,1480801.509206401,1184527.3712119295,10,4018.35030871,2418516.96708
even_split_disbursement,Koboko District,2017,57823.9579324,NA,1,57823.9579324,57823.9579324
even_split_disbursement,Kole District,2014,58251.67911246,91242.26080551703,3,4695.062913,163604.262919
even_split_disbursement,Kole District,2016,24089.4214174,NA,1,24089.4214174,24089.4214174
even_split_disbursement,Kole District,2017,2692828.64046,0,2,2692828.64046,2692828.64046
even_split_disbursement,Kotido District,2013,194123.753199,0,4,194123.753199,194123.753199
even_split_disbursement,Kotido District,2014,1014871.9044081356,1124126.6406716874,11,4018.35030871,2386210.07596
even_split_disbursement,Kotido District,2017,4565914.26957,0,2,4565914.26957,4565914.26957
even_split_disbursement,Kumi District,2014,106535.21351600249,109293.46061002534,4,4018.35030871,201015.376093
even_split_disbursement,Kumi District,2015,113021.25168,0,3,113021.25168,113021.25168
even_split_disbursement,Kween District,2015,171490.827634,0,2,171490.827634,171490.827634
even_split_disbursement,Kyankwanzi District,2014,163604.262919,NA,1,163604.262919,163604.262919
even_split_disbursement,Kyegegwa District,2013,84759997.6598,NA,1,84759997.6598,84759997.6598
even_split_disbursement,Kyegegwa District,2014,163604.262919,NA,1,163604.262919,163604.262919
even_split_disbursement,Kyenjojo District,2014,188545.005035,21599.316261692453,3,163604.262919,201015.376093
even_split_disbursement,Lamwo District,2013,350875.50636,NA,1,350875.50636,350875.50636
even_split_disbursement,Lamwo District,2014,4695.062913,NA,1,4695.062913,4695.062913
even_split_disbursement,Lamwo District,2015,162099.145294,0,3,162099.145294,162099.145294
even_split_disbursement,Lamwo District,2017,2692828.64046,0,2,2692828.64046,2692828.64046
even_split_disbursement,Lira District,2013,350875.50636,NA,1,350875.50636,350875.50636
even_split_disbursement,Lira District,2014,1329878.8221855327,1145741.8265718692,12,4018.35030871,2418516.96708
even_split_disbursement,Lira District,2016,247354.10810562503,138631.35561875,4,39407.0746775,316669.785915
even_split_disbursement,Lira District,2017,2313689.07879,0,7,2313689.07879,2313689.07879
even_split_disbursement,Luwero District,2013,10844088.770105,8270252.270815291,8,3107976.14521,18580201.395
even_split_disbursement,Luwero District,2014,201015.376093,0,2,201015.376093,201015.376093
even_split_disbursement,Luwero District,2016,791937.548003,0,2,791937.548003,791937.548003
even_split_disbursement,Lwengo District,2014,201015.376093,0,2,201015.376093,201015.376093
even_split_disbursement,Lyantonde District,2014,201015.376093,0,2,201015.376093,201015.376093
even_split_disbursement,Lyantonde District,2015,53205708.954,0,9,53205708.954,53205708.954
even_split_disbursement,Manafwa District,2014,1657811.842671,1128429.6907740808,6,201015.376093,2386210.07596
even_split_disbursement,Maracha District,2014,1246372.6447380013,1220636.2590594455,8,4018.35030871,2386210.07596
even_split_disbursement,Maracha District,2017,57823.9579324,NA,1,57823.9579324,57823.9579324
even_split_disbursement,Masaka District,2013,8125741.717063858,4188477.6622709413,14,397164.023098,10233535.6336
even_split_disbursement,Masaka District,2014,259867.91541466667,101935.58825957184,3,201015.376093,377572.994058
even_split_disbursement,Masaka District,2015,53205708.954,0,9,53205708.954,53205708.954
even_split_disbursement,Masaka District,2017,154840.095267,NA,1,154840.095267,154840.095267
even_split_disbursement,Masindi District,2014,1594825.0676196683,1226018.9194481433,6,4018.35030871,2386210.07596
even_split_disbursement,Mayuge District,2013,7135323.555467,4746419.2661794685,16,202396.424289,10233535.6336
even_split_disbursement,Mayuge District,2014,201015.376093,0,2,201015.376093,201015.376093
even_split_disbursement,Mbale District,2014,1246372.6447380013,1220636.2590594455,8,4018.35030871,2386210.07596
even_split_disbursement,Mbarara District,2013,397164.023098,0,3,397164.023098,397164.023098
even_split_disbursement,Mbarara District,2014,259867.91541466667,101935.58825957184,3,201015.376093,377572.994058
even_split_disbursement,Mbarara District,2015,53205708.954,0,9,53205708.954,53205708.954
even_split_disbursement,Mbarara District,2017,154840.095267,NA,1,154840.095267,154840.095267
even_split_disbursement,Mitoma District,2013,44593.4335436,NA,1,44593.4335436,44593.4335436
even_split_disbursement,Mityana District,2013,319256.98357439996,106678.60733880562,5,202396.424289,397164.023098
even_split_disbursement,Mityana District,2014,201015.376093,0,2,201015.376093,201015.376093
even_split_disbursement,Moroto District,2013,191758.440918,2528.6251909230837,8,189393.128637,194123.753199
even_split_disbursement,Moroto District,2014,943932.9342840409,1099622.8936378555,12,4018.35030871,2386210.07596
even_split_disbursement,Moroto District,2015,281229.731042,0,4,281229.731042,281229.731042
even_split_disbursement,Moyo District,2014,1246372.6447380013,1220636.2590594455,8,4018.35030871,2386210.07596
even_split_disbursement,Moyo District,2017,57823.9579324,NA,1,57823.9579324,57823.9579324
even_split_disbursement,Mpigi District,2013,397164.023098,0,3,397164.023098,397164.023098
even_split_disbursement,Mpigi District,2014,201015.376093,0,2,201015.376093,201015.376093
even_split_disbursement,Mpigi District,2017,154840.095267,NA,1,154840.095267,154840.095267
even_split_disbursement,Mubende District,2013,319256.98357439996,106678.60733880562,5,202396.424289,397164.023098
even_split_disbursement,Mukono District,2013,5900117.7003761185,7304389.67590046,17,397164.023098,18580201.395
even_split_disbursement,Mukono District,2014,201015.376093,0,2,201015.376093,201015.376093
even_split_disbursement,Mukono District,2015,118076.993625,0,3,118076.993625,118076.993625
even_split_disbursement,Nakapiripirit District,2013,191758.440918,2528.6251909230837,8,189393.128637,194123.753199
even_split_disbursement,Nakapiripirit District,2014,978578.445947849,1212383.1857420588,10,4018.35030871,2386210.07596
even_split_disbursement,Nakapiripirit District,2015,281229.731042,0,4,281229.731042,281229.731042
even_split_disbursement,Nakapiripirit District,2017,4565914.26957,0,2,4565914.26957,4565914.26957
even_split_disbursement,Nakaseke District,2013,18580201.395,0,4,18580201.395,18580201.395
even_split_disbursement,Nakaseke District,2016,791937.548003,0,2,791937.548003,791937.548003
even_split_disbursement,Nakasongola District,2014,201015.376093,0,2,201015.376093,201015.376093
even_split_disbursement,Nakasongola District,2016,791937.548003,0,2,791937.548003,791937.548003
even_split_disbursement,Namayingo District,2014,254904.581906,0,2,254904.581906,254904.581906
even_split_disbursement,Namutumba District,2014,227959.9789995,31112.9474825507,4,201015.376093,254904.581906
even_split_disbursement,Napak District,2013,194123.753199,0,4,194123.753199,194123.753199
even_split_disbursement,Napak District,2014,54208.51344012,74936.56556860128,4,4695.062913,163604.262919
even_split_disbursement,Nebbi District,2013,192654.141804,0,5,192654.141804,192654.141804
even_split_disbursement,Nebbi District,2014,1126065.0467581123,1197486.5471058637,9,4018.35030871,2386210.07596
even_split_disbursement,Ngora District,2014,201015.376093,0,2,201015.376093,201015.376093
even_split_disbursement,Ntungamo District,2013,397164.023098,0,3,397164.023098,397164.023098
even_split_disbursement,Nwoya District,2013,144366.51768235,67007.16440079644,4,86336.6110757,202396.424289
even_split_disbursement,Nwoya District,2014,1089141.9376915,1533639.4779848722,2,4695.062913,2173588.81247
even_split_disbursement,Nwoya District,2017,1812909.2707294333,1524065.0549373254,3,53070.5312683,2692828.64046
even_split_disbursement,Otuke District,2014,5575.387209189999,1244.9665589584476,2,4695.062913,6455.71150538
even_split_disbursement,Oyam District,2013,202396.424289,0,2,202396.424289,202396.424289
even_split_disbursement,Oyam District,2014,998213.193232239,1196893.9534999114,10,4018.35030871,2386210.07596
even_split_disbursement,Oyam District,2017,1832777.5301430002,1032314.7229128412,12,137283.176422,2692828.64046
even_split_disbursement,Pader District,2014,1047007.9066133645,1094839.8407987638,11,4018.35030871,2386210.07596
even_split_disbursement,Pader District,2015,285802.481161,135510.21498598758,6,162099.145294,409505.817028
even_split_disbursement,Pader District,2016,39407.0746775,NA,1,39407.0746775,39407.0746775
even_split_disbursement,Pader District,2017,2163455.13637183,758081.456873622,10,53070.5312683,2692828.64046
even_split_disbursement,Pallisa District,2014,1246372.6447380013,1220636.2590594455,8,4018.35030871,2386210.07596
even_split_disbursement,Rakai District,2013,6305909.135757701,4487489.720115369,20,397164.023098,10233535.6336
even_split_disbursement,Rakai District,2014,201015.376093,0,2,201015.376093,201015.376093
even_split_disbursement,Rakai District,2016,791937.548003,0,2,791937.548003,791937.548003
even_split_disbursement,Rukungiri District,2014,201015.376093,0,2,201015.376093,201015.376093
even_split_disbursement,Sembabule District,2013,397164.023098,0,3,397164.023098,397164.023098
even_split_disbursement,Sembabule District,2014,201015.376093,0,2,201015.376093,201015.376093
even_split_disbursement,Sembabule District,2016,791937.548003,0,2,791937.548003,791937.548003
even_split_disbursement,Serere District,2014,201015.376093,0,2,201015.376093,201015.376093
even_split_disbursement,Sheema District,2013,202396.424289,0,2,202396.424289,202396.424289
even_split_disbursement,Sironko District,2014,1594825.0676196683,1226018.9194481433,6,4018.35030871,2386210.07596
even_split_disbursement,Soroti District,2013,202396.424289,0,2,202396.424289,202396.424289
even_split_disbursement,Soroti District,2014,1480801.509206401,1184527.3712119295,10,4018.35030871,2418516.96708
even_split_disbursement,Soroti District,2015,113021.25168,0,3,113021.25168,113021.25168
even_split_disbursement,Tororo District,2014,1480801.509206401,1184527.3712119295,10,4018.35030871,2418516.96708
even_split_disbursement,Tororo District,2015,118076.993625,0,3,118076.993625,118076.993625
even_split_disbursement,Tororo District,2016,316669.785915,0,3,316669.785915,316669.785915
even_split_disbursement,Wakiso District,2013,397164.023098,0,3,397164.023098,397164.023098
even_split_disbursement,Wakiso District,2017,154840.095267,NA,1,154840.095267,154840.095267
even_split_disbursement,Yumbe District,2013,192654.141804,0,5,192654.141804,192654.141804
even_split_disbursement,Yumbe District,2014,1594825.0676196683,1226018.9194481433,6,4018.35030871,2386210.07596
even_split_disbursement,Yumbe District,2017,57823.9579324,NA,1,57823.9579324,57823.9579324
even_split_disbursement,Zombo District,2014,163604.262919,NA,1,163604.262919,163604.262919
total_disbursement,All,2013,28681235.309648864,43419959.19738214,268,996.224741228,167221812.555
total_disbursement,All,2014,33980378.71703551,38409029.62371027,455,103291.384086,88289772.8107
total_disbursement,All,2015,37327834.59170241,66214493.37967056,120,1444.33168698,159617126.862
total_disbursement,All,2016,2535306.1593075558,2084772.3773250636,27,236442.448065,4751625.28802
total_disbursement,All,2017,16862828.387220215,9474609.026066381,113,131942.679901,26928286.4046
total_disbursement,Abim District,2013,963522.829151,422639.91848795686,8,568179.385912,1358866.27239
total_disbursement,Abim District,2014,3648452.1265285714,5751342.0721187955,7,103291.384086,12060922.5656
total_disbursement,Adjumani District,2014,59012545.852361,45356496.23194847,6,152697.311731,88289772.8107
total_disbursement,Agago District,2014,103291.384086,NA,1,103291.384086,103291.384086
total_disbursement,Agago District,2015,810495.726471,0,3,810495.726471,810495.726471
total_disbursement,Agago District,2017,18005261.467668332,15455132.547969723,3,159211.593805,26928286.4046
total_disbursement,Alebtong District,2013,11140802.654741082,26460092.01330806,6,30957.9771812,65141325.9573
total_disbursement,Alebtong District,2014,103291.384086,0,2,103291.384086,103291.384086
total_disbursement,Amolatar District,2014,37840370.3013538,43656435.13606735,10,103291.384086,88289772.8107
total_disbursement,Amolatar District,2017,411849.529265,0,3,411849.529265,411849.529265
total_disbursement,Amudat District,2013,1358866.27239,0,4,1358866.27239,1358866.27239
total_disbursement,Amudat District,2014,697898.891001,1065528.6417292308,4,103291.384086,2290459.68087
total_disbursement,Amuria District,2014,39361122.7764666,42292225.91996748,10,152697.311731,88289772.8107
total_disbursement,Amuria District,2015,678127.510081,0,3,678127.510081,678127.510081
total_disbursement,Amuria District,2017,20823201.7091,0,7,20823201.7091,20823201.7091
total_disbursement,Amuru District,2013,259009.833227,0,2,259009.833227,259009.833227
total_disbursement,Amuru District,2014,41065852.66861689,44891691.72278596,9,103291.384086,88289772.8107
total_disbursement,Amuru District,2015,823912.408763,0,3,823912.408763,823912.408763
total_disbursement,Amuru District,2017,22179887.196988888,2692089.3062132476,9,20823201.7091,26928286.4046
total_disbursement,Apac District,2014,29907993.905675203,37843267.228630796,15,103291.384086,88289772.8107
total_disbursement,Apac District,2016,236442.448065,NA,1,236442.448065,236442.448065
total_disbursement,Apac District,2017,16737877.780057918,10109111.78745454,12,411849.529265,26928286.4046
total_disbursement,Arua District,2014,52119589.53227075,40402204.812767886,8,152697.311731,88289772.8107
total_disbursement,Arua District,2017,289119.789662,NA,1,289119.789662,289119.789662
total_disbursement,Budaka District,2014,59012545.852361,45356496.23194847,6,152697.311731,88289772.8107
total_disbursement,Bugiri District,2013,9929100.57745,0,3,9929100.57745,9929100.57745
total_disbursement,Bugiri District,2014,12060922.5656,0,2,12060922.5656,12060922.5656
total_disbursement,Buikwe District,2013,167221812.555,0,4,167221812.555,167221812.555
total_disbursement,Buikwe District,2014,12060922.5656,0,2,12060922.5656,12060922.5656
total_disbursement,Bukedea District,2014,47274640.03067075,44066088.59119067,8,152697.311731,88289772.8107
total_disbursement,Bukedea District,2015,678127.510081,0,3,678127.510081,678127.510081
total_disbursement,Bukomansimbi District,2014,12060922.5656,0,2,12060922.5656,12060922.5656
total_disbursement,Bukwa District,2014,47274640.03067075,44066088.59119067,8,152697.311731,88289772.8107
total_disbursement,Bukwa District,2015,95032.5047719,0,2,95032.5047719,95032.5047719
total_disbursement,Bulisa District,2014,47274640.03067075,44066088.59119067,8,152697.311731,88289772.8107
total_disbursement,Bulisa District,2017,131942.679901,0,2,131942.679901,131942.679901
total_disbursement,Bundibugyo District,2013,76696004.5813,0,4,76696004.5813,76696004.5813
total_disbursement,Bundibugyo District,2014,12060922.5656,0,2,12060922.5656,12060922.5656
total_disbursement,Bushenyi District,2013,9929100.57745,0,3,9929100.57745,9929100.57745
total_disbursement,Busia District,2013,19786765.09415,7393248.387525,9,9929100.57745,24715597.3525
total_disbursement,Busia District,2014,59012545.852361,45356496.23194847,6,152697.311731,88289772.8107
total_disbursement,Butaleja District,2014,47274640.03067075,44066088.59119067,8,152697.311731,88289772.8107
total_disbursement,Butambala District,2014,12060922.5656,0,2,12060922.5656,12060922.5656
total_disbursement,Dokolo District,2014,36969596.5401638,44262161.12884087,10,103291.384086,88289772.8107
total_disbursement,Dokolo District,2016,1154066.3449825,1297716.1601783794,2,236442.448065,2071690.2419
total_disbursement,Gomba District,2014,12060922.5656,0,2,12060922.5656,12060922.5656
total_disbursement,Gulu District,2013,259009.833227,0,2,259009.833227,259009.833227
total_disbursement,Gulu District,2014,39315828.65105018,40340686.40583744,11,103291.384086,88289772.8107
total_disbursement,Gulu District,2015,817204.0676170001,7348.619538208537,6,810495.726471,823912.408763
total_disbursement,Gulu District,2016,236442.448065,NA,1,236442.448065,236442.448065
total_disbursement,Gulu District,2017,22179887.196988888,2692089.3062132476,9,20823201.7091,26928286.4046
total_disbursement,Hoima District,2013,1619171.39431,0,2,1619171.39431,1619171.39431
total_disbursement,Hoima District,2014,12060922.5656,0,2,12060922.5656,12060922.5656
total_disbursement,Hoima District,2015,1669416.61303,0,3,1669416.61303,1669416.61303
total_disbursement,Hoima District,2017,131942.679901,0,2,131942.679901,131942.679901
total_disbursement,Ibanda District,2013,9929100.57745,0,3,9929100.57745,9929100.57745
total_disbursement,Ibanda District,2014,12060922.5656,0,2,12060922.5656,12060922.5656
total_disbursement,Iganga District,2013,9929100.57745,0,3,9929100.57745,9929100.57745
total_disbursement,Isingiro District,2013,4293762.157432115,5271376.406557728,7,67258.3424187,9929100.57745
total_disbursement,Isingiro District,2014,5630771.370698,5869898.096027706,5,1344003.90743,12060922.5656
total_disbursement,Jinja District,2013,9929100.57745,0,3,9929100.57745,9929100.57745
total_disbursement,Jinja District,2014,12060922.5656,0,2,12060922.5656,12060922.5656
total_disbursement,Jinja District,2015,590384.968126,0,3,590384.968126,590384.968126
total_disbursement,Kaabong District,2013,1358866.27239,0,4,1358866.27239,1358866.27239
total_disbursement,Kaabong District,2014,33635501.68332727,43422380.06689806,11,103291.384086,88289772.8107
total_disbursement,Kabale District,2013,19786765.09415,7393248.387525,9,9929100.57745,24715597.3525
total_disbursement,Kabale District,2014,12060922.5656,0,2,12060922.5656,12060922.5656
total_disbursement,Kabarole District,2013,76696004.5813,0,4,76696004.5813,76696004.5813
total_disbursement,Kabarole District,2014,12060922.5656,0,2,12060922.5656,12060922.5656
total_disbursement,Kaberamaido District,2014,42276397.76958178,43862677.466904074,9,152697.311731,88289772.8107
total_disbursement,Kaberamaido District,2015,678127.510081,0,3,678127.510081,678127.510081
total_disbursement,Kalangala District,2013,9929100.57745,0,3,9929100.57745,9929100.57745
total_disbursement,Kalungu District,2014,12060922.5656,0,2,12060922.5656,12060922.5656
total_disbursement,Kampala District,2013,48162066.78680314,49803180.00058526,29,996.224741228,167221812.555
total_disbursement,Kampala District,2014,24760690.384143334,17562514.857535,9,1344003.90743,36469033.6225
total_disbursement,Kampala District,2015,4762279.1980546415,2838302.023674961,14,1444.33168698,6489930.95367
total_disbursement,Kampala District,2017,2477441.52427,NA,1,2477441.52427,2477441.52427
total_disbursement,Kamuli District,2015,590384.968126,0,3,590384.968126,590384.968126
total_disbursement,Kamwenge District,2014,12060922.5656,0,2,12060922.5656,12060922.5656
total_disbursement,Kapchorwa District,2014,47274640.03067075,44066088.59119067,8,152697.311731,88289772.8107
total_disbursement,Kapchorwa District,2015,95032.5047719,0,2,95032.5047719,95032.5047719
total_disbursement,Kasese District,2014,12060922.5656,0,2,12060922.5656,12060922.5656
total_disbursement,Katakwi District,2014,42276397.76958178,43862677.466904074,9,152697.311731,88289772.8107
total_disbursement,Katakwi District,2015,678127.510081,0,3,678127.510081,678127.510081
total_disbursement,Katakwi District,2017,20823201.7091,0,7,20823201.7091,20823201.7091
total_disbursement,Kayunga District,2014,12060922.5656,0,2,12060922.5656,12060922.5656
total_disbursement,Kibale District,2014,12060922.5656,0,2,12060922.5656,12060922.5656
total_disbursement,Kiboga District,2014,2290459.68087,NA,1,2290459.68087,2290459.68087
total_disbursement,Kiboga District,2016,4751625.28802,0,2,4751625.28802,4751625.28802
total_disbursement,Kiruhura District,2013,9929100.57745,0,3,9929100.57745,9929100.57745
total_disbursement,Kiruhura District,2014,12060922.5656,0,2,12060922.5656,12060922.5656
total_disbursement,Kiruhura District,2015,12004357.9344,0,2,12004357.9344,12004357.9344
total_disbursement,Kiryandongo District,2015,1669416.61303,0,3,1669416.61303,1669416.61303
total_disbursement,Kiryandongo District,2016,2071690.2419,NA,1,2071690.2419,2071690.2419
total_disbursement,Kisoro District,2014,12060922.5656,0,2,12060922.5656,12060922.5656
total_disbursement,Kitgum District,2013,1403502.02544,NA,1,1403502.02544,1403502.02544
total_disbursement,Kitgum District,2014,41065852.66861689,44891691.72278596,9,103291.384086,88289772.8107
total_disbursement,Kitgum District,2015,817204.0676170001,7348.619538208537,6,810495.726471,823912.408763
total_disbursement,Kitgum District,2016,236442.448065,NA,1,236442.448065,236442.448065
total_disbursement,Kitgum District,2017,22179887.196988888,2692089.3062132476,9,20823201.7091,26928286.4046
total_disbursement,Koboko District,2014,44107856.1389366,39431913.12568558,10,152697.311731,88289772.8107
total_disbursement,Koboko District,2017,289119.789662,NA,1,289119.789662,289119.789662
total_disbursement,Kole District,2014,832347.483014,1262762.2049112576,3,103291.384086,2290459.68087
total_disbursement,Kole District,2016,2071690.2419,NA,1,2071690.2419,2071690.2419
total_disbursement,Kole District,2017,26928286.4046,0,2,26928286.4046,26928286.4046
total_disbursement,Kotido District,2013,1358866.27239,0,4,1358866.27239,1358866.27239
total_disbursement,Kotido District,2014,33635501.68332727,43422380.06689806,11,103291.384086,88289772.8107
total_disbursement,Kotido District,2017,9131828.53913,0,2,9131828.53913,9131828.53913
total_disbursement,Kumi District,2014,6259507.250641501,6703536.63820369,4,152697.311731,12060922.5656
total_disbursement,Kumi District,2015,678127.510081,0,3,678127.510081,678127.510081
total_disbursement,Kween District,2015,12004357.9344,0,2,12004357.9344,12004357.9344
total_disbursement,Kyankwanzi District,2014,2290459.68087,NA,1,2290459.68087,2290459.68087
total_disbursement,Kyegegwa District,2013,84759997.6598,NA,1,84759997.6598,84759997.6598
total_disbursement,Kyegegwa District,2014,2290459.68087,NA,1,2290459.68087,2290459.68087
total_disbursement,Kyenjojo District,2014,8804101.604023334,5640979.376606113,3,2290459.68087,12060922.5656
total_disbursement,Lamwo District,2013,1403502.02544,NA,1,1403502.02544,1403502.02544
total_disbursement,Lamwo District,2014,103291.384086,NA,1,103291.384086,103291.384086
total_disbursement,Lamwo District,2015,810495.726471,0,3,810495.726471,810495.726471
total_disbursement,Lamwo District,2017,26928286.4046,0,2,26928286.4046,26928286.4046
total_disbursement,Lira District,2013,1403502.02544,NA,1,1403502.02544,1403502.02544
total_disbursement,Lira District,2014,36048117.2121365,40094431.2833388,12,103291.384086,88289772.8107
total_disbursement,Lira District,2016,534115.290888,198448.561882,4,236442.448065,633339.571829
total_disbursement,Lira District,2017,20823201.7091,0,7,20823201.7091,20823201.7091
total_disbursement,Luwero District,2013,96042810.85835,76093553.56613296,8,24863809.1617,167221812.555
total_disbursement,Luwero District,2014,12060922.5656,0,2,12060922.5656,12060922.5656
total_disbursement,Luwero District,2016,4751625.28802,0,2,4751625.28802,4751625.28802
total_disbursement,Lwengo District,2014,12060922.5656,0,2,12060922.5656,12060922.5656
total_disbursement,Lyantonde District,2014,12060922.5656,0,2,12060922.5656,12060922.5656
total_disbursement,Lyantonde District,2015,159617126.862,0,9,159617126.862,159617126.862
total_disbursement,Manafwa District,2014,62880156.06233333,39364408.99997486,6,12060922.5656,88289772.8107
total_disbursement,Maracha District,2014,47274640.03067075,44066088.59119067,8,152697.311731,88289772.8107
total_disbursement,Maracha District,2017,289119.789662,NA,1,289119.789662,289119.789662
total_disbursement,Masaka District,2013,34290204.97219643,13202421.664895875,14,9929100.57745,40934142.5344
total_disbursement,Masaka District,2014,8292330.373105667,6527393.150407576,3,755145.988117,12060922.5656
total_disbursement,Masaka District,2015,159617126.862,0,9,159617126.862,159617126.862
total_disbursement,Masaka District,2017,2477441.52427,NA,1,2477441.52427,2477441.52427
total_disbursement,Masindi District,2014,59012545.852361,45356496.23194847,6,152697.311731,88289772.8107
total_disbursement,Mayuge District,2013,30206325.774960626,16600993.851700917,16,1619171.39431,40934142.5344
total_disbursement,Mayuge District,2014,12060922.5656,0,2,12060922.5656,12060922.5656
total_disbursement,Mbale District,2014,47274640.03067075,44066088.59119067,8,152697.311731,88289772.8107
total_disbursement,Mbarara District,2013,9929100.57745,0,3,9929100.57745,9929100.57745
total_disbursement,Mbarara District,2014,8292330.373105667,6527393.150407576,3,755145.988117,12060922.5656
total_disbursement,Mbarara District,2015,159617126.862,0,9,159617126.862,159617126.862
total_disbursement,Mbarara District,2017,2477441.52427,NA,1,2477441.52427,2477441.52427
total_disbursement,Mitoma District,2013,44593.4335436,NA,1,44593.4335436,44593.4335436
total_disbursement,Mityana District,2013,6605128.904194,4551535.664876256,5,1619171.39431,9929100.57745
total_disbursement,Mityana District,2014,12060922.5656,0,2,12060922.5656,12060922.5656
total_disbursement,Moroto District,2013,963522.829151,422639.91848795686,8,568179.385912,1358866.27239
total_disbursement,Moroto District,2014,31023414.84978917,42378882.59860087,12,103291.384086,88289772.8107
total_disbursement,Moroto District,2015,562459.462084,0,4,562459.462084,562459.462084
total_disbursement,Moyo District,2014,47274640.03067075,44066088.59119067,8,152697.311731,88289772.8107
total_disbursement,Moyo District,2017,289119.789662,NA,1,289119.789662,289119.789662
total_disbursement,Mpigi District,2013,9929100.57745,0,3,9929100.57745,9929100.57745
total_disbursement,Mpigi District,2014,12060922.5656,0,2,12060922.5656,12060922.5656
total_disbursement,Mpigi District,2017,2477441.52427,NA,1,2477441.52427,2477441.52427
total_disbursement,Mubende District,2013,6605128.904194,4551535.664876256,5,1619171.39431,9929100.57745
total_disbursement,Mukono District,2013,55671963.10083235,64029804.06962123,17,9929100.57745,167221812.555
total_disbursement,Mukono District,2014,12060922.5656,0,2,12060922.5656,12060922.5656
total_disbursement,Mukono District,2015,590384.968126,0,3,590384.968126,590384.968126
total_disbursement,Nakapiripirit District,2013,963522.829151,422639.91848795686,8,568179.385912,1358866.27239
total_disbursement,Nakapiripirit District,2014,35686687.067817,45278030.147817634,10,103291.384086,88289772.8107
total_disbursement,Nakapiripirit District,2015,562459.462084,0,4,562459.462084,562459.462084
total_disbursement,Nakapiripirit District,2017,9131828.53913,0,2,9131828.53913,9131828.53913
total_disbursement,Nakaseke District,2013,167221812.555,0,4,167221812.555,167221812.555
total_disbursement,Nakaseke District,2016,4751625.28802,0,2,4751625.28802,4751625.28802
total_disbursement,Nakasongola District,2014,12060922.5656,0,2,12060922.5656,12060922.5656
total_disbursement,Nakasongola District,2016,4751625.28802,0,2,4751625.28802,4751625.28802
total_disbursement,Namayingo District,2014,17078606.9877,0,2,17078606.9877,17078606.9877
total_disbursement,Namutumba District,2014,14569764.77665,2896961.451808027,4,12060922.5656,17078606.9877
total_disbursement,Napak District,2013,1358866.27239,0,4,1358866.27239,1358866.27239
total_disbursement,Napak District,2014,697898.891001,1065528.6417292308,4,103291.384086,2290459.68087
total_disbursement,Nebbi District,2013,385308.283607,0,5,385308.283607,385308.283607
total_disbursement,Nebbi District,2014,42276397.76958178,43862677.466904074,9,152697.311731,88289772.8107
total_disbursement,Ngora District,2014,12060922.5656,0,2,12060922.5656,12060922.5656
total_disbursement,Ntungamo District,2013,9929100.57745,0,3,9929100.57745,9929100.57745
total_disbursement,Nwoya District,2013,939090.6137684999,785289.6434326516,4,259009.833227,1619171.39431
total_disbursement,Nwoya District,2014,1138440.098278,1463921.350683397,2,103291.384086,2173588.81247
total_disbursement,Nwoya District,2017,18005261.467668332,15455132.547969723,3,159211.593805,26928286.4046
total_disbursement,Otuke District,2014,103291.384086,0,2,103291.384086,103291.384086
total_disbursement,Oyam District,2013,1619171.39431,0,2,1619171.39431,1619171.39431
total_disbursement,Oyam District,2014,37840370.3013538,43656435.13606735,10,103291.384086,88289772.8107
total_disbursement,Oyam District,2017,16737877.780057918,10109111.78745454,12,411849.529265,26928286.4046
total_disbursement,Pader District,2014,35792229.01352291,41831521.19564833,11,103291.384086,88289772.8107
total_disbursement,Pader District,2015,610000.7717495,219631.21873388492,6,409505.817028,810495.726471
total_disbursement,Pader District,2016,236442.448065,NA,1,236442.448065,236442.448065
total_disbursement,Pader District,2017,19977819.6366705,7411686.697219122,10,159211.593805,26928286.4046
total_disbursement,Pallisa District,2014,47274640.03067075,44066088.59119067,8,152697.311731,88289772.8107
total_disbursement,Rakai District,2013,31417822.6862875,11812077.356692092,20,9929100.57745,40934142.5344
total_disbursement,Rakai District,2014,12060922.5656,0,2,12060922.5656,12060922.5656
total_disbursement,Rakai District,2016,4751625.28802,0,2,4751625.28802,4751625.28802
total_disbursement,Rukungiri District,2014,12060922.5656,0,2,12060922.5656,12060922.5656
total_disbursement,Sembabule District,2013,9929100.57745,0,3,9929100.57745,9929100.57745
total_disbursement,Sembabule District,2014,12060922.5656,0,2,12060922.5656,12060922.5656
total_disbursement,Sembabule District,2016,4751625.28802,0,2,4751625.28802,4751625.28802
total_disbursement,Serere District,2014,12060922.5656,0,2,12060922.5656,12060922.5656
total_disbursement,Sheema District,2013,1619171.39431,0,2,1619171.39431,1619171.39431
total_disbursement,Sironko District,2014,59012545.852361,45356496.23194847,6,152697.311731,88289772.8107
total_disbursement,Soroti District,2013,1619171.39431,0,2,1619171.39431,1619171.39431
total_disbursement,Soroti District,2014,44107856.1389366,39431913.12568558,10,152697.311731,88289772.8107
total_disbursement,Soroti District,2015,678127.510081,0,3,678127.510081,678127.510081
total_disbursement,Tororo District,2014,44107856.1389366,39431913.12568558,10,152697.311731,88289772.8107
total_disbursement,Tororo District,2015,590384.968126,0,3,590384.968126,590384.968126
total_disbursement,Tororo District,2016,633339.571829,0,3,633339.571829,633339.571829
total_disbursement,Wakiso District,2013,9929100.57745,0,3,9929100.57745,9929100.57745
total_disbursement,Wakiso District,2017,2477441.52427,NA,1,2477441.52427,2477441.52427
total_disbursement,Yumbe District,2013,385308.283607,0,5,385308.283607,385308.283607
total_disbursement,Yumbe District,2014,59012545.852361,45356496.23194847,6,152697.311731,88289772.8107
total_disbursement,Yumbe District,2017,289119.789662,NA,1,289119.789662,289119.789662
total_disbursement,Zombo District,2014,2290459.68087,NA,1,2290459.68087,2290459.68087
transaction,All,2013,6534752.621878964,16337760.129038546,268,-3569.77952984,103331074.849
transaction,All,2014,9731334.002635954,9469773.52303412,455,103291.384086,26639031.4336
transaction,All,2015,4399664.170629999,7324813.356741579,120,1444.33168698,20564800.6635
transaction,All,2016,1385561.343921037,1063158.6223246215,27,198370.763883,2402125.21093
transaction,All,2017,4343054.971718253,5333709.954004767,113,42506.5014991,20459900
transaction,Abim District,2013,240880.70728775,196567.4503314373,8,134963.939777,658861.970778
transaction,Abim District,2014,1925463.1885799998,2836094.009223504,7,103291.384086,6649000
transaction,Adjumani District,2014,14867659.447011,11738290.642745435,6,152697.311731,26639031.4336
transaction,Agago District,2014,103291.384086,NA,1,103291.384086,103291.384086
transaction,Agago District,2015,270165.242157,23492.455506006085,3,253858.53633,297092.619
transaction,Agago District,2017,9029165.999455,10389787.367486304,3,159211.593805,20459900
transaction,Alebtong District,2013,11110910.43601605,26475092.459400002,6,11800.352,65141325.9573
transaction,Alebtong District,2014,103291.384086,0,2,103291.384086,103291.384086
transaction,Amolatar District,2014,10147346.2015798,10847704.398167016,10,103291.384086,26639031.4336
transaction,Amolatar District,2017,137283.17642166666,11936.933829778889,3,128996.210211,150965.267
transaction,Amudat District,2013,339716.5680975,252969.59375047853,4,136425.648,658861.970778
transaction,Amudat District,2014,697898.891001,1065528.6417292308,4,103291.384086,2290459.68087
transaction,Amuria District,2014,10897393.3007276,10170197.82165895,10,152697.311731,26639031.4336
transaction,Amuria District,2015,226042.50336033333,19656.51122365872,3,212398.516265,248573.082
transaction,Amuria District,2017,2974743.1012957143,825491.7842269844,7,2216850.31336,4345162.66661
transaction,Amuru District,2013,129504.91661365,65142.384790958255,2,83442.2945853,175567.538642
transaction,Amuru District,2014,10779589.091755778,11175558.232494606,9,103291.384086,26639031.4336
transaction,Amuru District,2015,274637.4695876667,23881.01953695397,3,258060.431754,302010.13
transaction,Amuru District,2017,5305720.9015144445,5842984.65974041,9,2216850.31336,20459900
transaction,Apac District,2014,9181786.309468333,9958429.080710614,15,103291.384086,26639031.4336
transaction,Apac District,2016,236442.448065,NA,1,236442.448065,236442.448065
transaction,Apac District,2017,4013611.47024125,5503946.741106764,12,128996.210211,20459900
transaction,Arua District,2014,15080834.65675825,10360559.30497755,8,152697.311731,26639031.4336
transaction,Arua District,2017,289119.789662,NA,1,289119.789662,289119.789662
transaction,Budaka District,2014,14867659.447011,11738290.642745435,6,152697.311731,26639031.4336
transaction,Bugiri District,2013,3309700.1924833334,1368846.605637586,3,2224036.4689,4847389.702
transaction,Bugiri District,2014,6030461.28278,874745.8427453806,2,5411922.56556,6649000
transaction,Buikwe District,2013,41805453.13866754,45055999.22586966,4,-3569.77952984,103331074.849
transaction,Buikwe District,2014,6030461.28278,874745.8427453806,2,5411922.56556,6649000
transaction,Bukedea District,2014,12658359.905953249,10736098.143633118,8,152697.311731,26639031.4336
transaction,Bukedea District,2015,226042.50336033333,19656.51122365872,3,212398.516265,248573.082
transaction,Bukomansimbi District,2014,6030461.28278,874745.8427453806,2,5411922.56556,6649000
transaction,Bukwa District,2014,12658359.905953249,10736098.143633118,8,152697.311731,26639031.4336
transaction,Bukwa District,2015,47516.25238595,744.2311643043995,2,46990.0014829,48042.503289
transaction,Bulisa District,2014,12658359.905953249,10736098.143633118,8,152697.311731,26639031.4336
transaction,Bulisa District,2017,65971.33995065,33184.29277707571,2,42506.5014991,89436.1784022
transaction,Bundibugyo District,2013,19174001.14532,7497316.738066061,4,9134555.37988,25968169.0902
transaction,Bundibugyo District,2014,6030461.28278,874745.8427453806,2,5411922.56556,6649000
transaction,Bushenyi District,2013,3309700.1924833334,1368846.605637586,3,2224036.4689,4847389.702
transaction,Busia District,2013,3849410.881102222,1736387.8607391738,9,1975259.39858,6343693.0992
transaction,Busia District,2014,14867659.447011,11738290.642745435,6,152697.311731,26639031.4336
transaction,Butaleja District,2014,12658359.905953249,10736098.143633118,8,152697.311731,26639031.4336
transaction,Butambala District,2014,6030461.28278,874745.8427453806,2,5411922.56556,6649000
transaction,Dokolo District,2014,9711959.3209888,11064105.195187317,10,103291.384086,26639031.4336
transaction,Dokolo District,2016,1154066.3449825,1297716.1601783794,2,236442.448065,2071690.2419
transaction,Gomba District,2014,6030461.28278,874745.8427453806,2,5411922.56556,6649000
transaction,Gulu District,2013,129504.91661365,65142.384790958255,2,83442.2945853,175567.538642
transaction,Gulu District,2014,11677911.12707291,10490237.303392736,11,103291.384086,26639031.4336
transaction,Gulu District,2015,272401.35587233334,21327.908228138625,6,253858.53633,302010.13
transaction,Gulu District,2016,236442.448065,NA,1,236442.448065,236442.448065
transaction,Gulu District,2017,5305720.9015144445,5842984.65974041,9,2216850.31336,20459900
transaction,Hoima District,2013,809585.697155,395151.498457042,2,530171.393,1089000.00131
transaction,Hoima District,2014,6030461.28278,874745.8427453806,2,5411922.56556,6649000
transaction,Hoima District,2015,556472.204343,48387.88290213782,3,522883.714662,611934.876
transaction,Hoima District,2017,65971.33995065,33184.29277707571,2,42506.5014991,89436.1784022
transaction,Ibanda District,2013,3309700.1924833334,1368846.605637586,3,2224036.4689,4847389.702
transaction,Ibanda District,2014,6030461.28278,874745.8427453806,2,5411922.56556,6649000
transaction,Iganga District,2013,3309700.1924833334,1368846.605637586,3,2224036.4689,4847389.702
transaction,Isingiro District,2013,1428051.274266963,1929415.4789127072,7,6786.93825094,4847389.702
transaction,Isingiro District,2014,2680985.2945984,3088885.1832292276,5,420959.928376,6649000
transaction,Jinja District,2013,3309700.1924833334,1368846.605637586,3,2224036.4689,4847389.702
transaction,Jinja District,2014,6030461.28278,874745.8427453806,2,5411922.56556,6649000
transaction,Jinja District,2015,196794.98937533333,17112.480653807477,3,184916.785259,216409.551
transaction,Kaabong District,2013,339716.5680975,252969.59375047853,4,136425.648,658861.970778
transaction,Kaabong District,2014,8855831.484077273,10873614.164464215,11,103291.384086,26639031.4336
transaction,Kabale District,2013,3849410.881102222,1736387.8607391738,9,1975259.39858,6343693.0992
transaction,Kabale District,2014,6030461.28278,874745.8427453806,2,5411922.56556,6649000
transaction,Kabarole District,2013,19174001.14532,7497316.738066061,4,9134555.37988,25968169.0902
transaction,Kabarole District,2014,6030461.28278,874745.8427453806,2,5411922.56556,6649000
transaction,Kaberamaido District,2014,11506370.99205511,10620712.502026645,9,152697.311731,26639031.4336
transaction,Kaberamaido District,2015,226042.50336033333,19656.51122365872,3,212398.516265,248573.082
transaction,Kalangala District,2013,3309700.1924833334,1368846.605637586,3,2224036.4689,4847389.702
transaction,Kalungu District,2014,6030461.28278,874745.8427453806,2,5411922.56556,6649000
transaction,Kampala District,2013,9229843.393290391,19915958.074252274,29,-3569.77952984,103331074.849
transaction,Kampala District,2014,4201448.614441333,4345345.602220679,9,420959.928376,11326672.5294
transaction,Kampala District,2015,505840.01810628426,279948.65949255397,14,1444.33168698,933255.167827
transaction,Kampala District,2017,2477441.52427,NA,1,2477441.52427,2477441.52427
transaction,Kamuli District,2015,196794.98937533333,17112.480653807477,3,184916.785259,216409.551
transaction,Kamwenge District,2014,6030461.28278,874745.8427453806,2,5411922.56556,6649000
transaction,Kapchorwa District,2014,12658359.905953249,10736098.143633118,8,152697.311731,26639031.4336
transaction,Kapchorwa District,2015,47516.25238595,744.2311643043995,2,46990.0014829,48042.503289
transaction,Kasese District,2014,6030461.28278,874745.8427453806,2,5411922.56556,6649000
transaction,Katakwi District,2014,11506370.99205511,10620712.502026645,9,152697.311731,26639031.4336
transaction,Katakwi District,2015,226042.50336033333,19656.51122365872,3,212398.516265,248573.082
transaction,Katakwi District,2017,2974743.1012957143,825491.7842269844,7,2216850.31336,4345162.66661
transaction,Kayunga District,2014,6030461.28278,874745.8427453806,2,5411922.56556,6649000
transaction,Kibale District,2014,6030461.28278,874745.8427453806,2,5411922.56556,6649000
transaction,Kiboga District,2014,2290459.68087,NA,1,2290459.68087,2290459.68087
transaction,Kiboga District,2016,2375812.64401,37211.58899911384,2,2349500.07709,2402125.21093
transaction,Kiruhura District,2013,3309700.1924833334,1368846.605637586,3,2224036.4689,4847389.702
transaction,Kiruhura District,2014,6030461.28278,874745.8427453806,2,5411922.56556,6649000
transaction,Kiruhura District,2015,6002178.96722,1877539.6702492514,2,4674557.93444,7329800
transaction,Kiryandongo District,2015,556472.204343,48387.88290213782,3,522883.714662,611934.876
transaction,Kiryandongo District,2016,2071690.2419,NA,1,2071690.2419,2071690.2419
transaction,Kisoro District,2014,6030461.28278,874745.8427453806,2,5411922.56556,6649000
transaction,Kitgum District,2013,1403502.02544,NA,1,1403502.02544,1403502.02544
transaction,Kitgum District,2014,10779589.091755778,11175558.232494606,9,103291.384086,26639031.4336
transaction,Kitgum District,2015,272401.35587233334,21327.908228138625,6,253858.53633,302010.13
transaction,Kitgum District,2016,236442.448065,NA,1,236442.448065,236442.448065
transaction,Kitgum District,2017,5305720.9015144445,5842984.65974041,9,2216850.31336,20459900
transaction,Koboko District,2014,13270759.9819626,9906273.64185927,10,152697.311731,26639031.4336
transaction,Koboko District,2017,289119.789662,NA,1,289119.789662,289119.789662
transaction,Kole District,2014,832347.483014,1262762.2049112576,3,103291.384086,2290459.68087
transaction,Kole District,2016,2071690.2419,NA,1,2071690.2419,2071690.2419
transaction,Kole District,2017,13464143.20228,9893494.142399397,2,6468386.40456,20459900
transaction,Kotido District,2013,339716.5680975,252969.59375047853,4,136425.648,658861.970778
transaction,Kotido District,2014,8855831.484077273,10873614.164464215,11,103291.384086,26639031.4336
transaction,Kotido District,2017,4565914.269564999,1435112.6782608002,2,3551136.363,5580692.17613
transaction,Kumi District,2014,3244276.6092315,3266140.03489053,4,152697.311731,6649000
transaction,Kumi District,2015,226042.50336033333,19656.51122365872,3,212398.516265,248573.082
transaction,Kween District,2015,6002178.96722,1877539.6702492514,2,4674557.93444,7329800
transaction,Kyankwanzi District,2014,2290459.68087,NA,1,2290459.68087,2290459.68087
transaction,Kyegegwa District,2013,84759997.6598,NA,1,84759997.6598,84759997.6598
transaction,Kyegegwa District,2014,2290459.68087,NA,1,2290459.68087,2290459.68087
transaction,Kyenjojo District,2014,4783794.082143333,2246136.1205701563,3,2290459.68087,6649000
transaction,Lamwo District,2013,1403502.02544,NA,1,1403502.02544,1403502.02544
transaction,Lamwo District,2014,103291.384086,NA,1,103291.384086,103291.384086
transaction,Lamwo District,2015,270165.242157,23492.455506006085,3,253858.53633,297092.619
transaction,Lamwo District,2017,13464143.20228,9893494.142399397,2,6468386.40456,20459900
transaction,Lira District,2013,1403502.02544,NA,1,1403502.02544,1403502.02544
transaction,Lira District,2014,10713359.481824,10545392.317774013,12,103291.384086,26639031.4336
transaction,Lira District,2016,217445.5049735,19622.915826946675,4,198370.763883,236442.448065
transaction,Lira District,2017,2974743.1012957143,825491.7842269844,7,2216850.31336,4345162.66661
transaction,Luwero District,2013,24010702.71454877,35160581.18082823,8,-3569.77952984,103331074.849
transaction,Luwero District,2014,6030461.28278,874745.8427453806,2,5411922.56556,6649000
transaction,Luwero District,2016,2375812.64401,37211.58899911384,2,2349500.07709,2402125.21093
transaction,Lwengo District,2014,6030461.28278,874745.8427453806,2,5411922.56556,6649000
transaction,Lyantonde District,2014,6030461.28278,874745.8427453806,2,5411922.56556,6649000
transaction,Lyantonde District,2015,17735236.317955554,1499660.4070604024,9,15881787.0681,20564800.6635
transaction,Manafwa District,2014,16725115.896043334,9052469.153827302,6,5411922.56556,26639031.4336
transaction,Maracha District,2014,12658359.905953249,10736098.143633118,8,152697.311731,26639031.4336
transaction,Maracha District,2017,289119.789662,NA,1,289119.789662,289119.789662
transaction,Masaka District,2013,3633088.7937014285,616576.0736809905,14,2224036.4689,4847389.702
transaction,Masaka District,2014,4272022.851225667,3107878.2629636503,3,755145.988117,6649000
transaction,Masaka District,2015,17735236.317955554,1499660.4070604024,9,15881787.0681,20564800.6635
transaction,Masaka District,2017,2477441.52427,NA,1,2477441.52427,2477441.52427
transaction,Masindi District,2014,14867659.447011,11738290.642745435,6,152697.311731,26639031.4336
transaction,Mayuge District,2013,3280150.906633125,1126930.948945315,16,530171.393,4847389.702
transaction,Mayuge District,2014,6030461.28278,874745.8427453806,2,5411922.56556,6649000
transaction,Mbale District,2014,12658359.905953249,10736098.143633118,8,152697.311731,26639031.4336
transaction,Mbarara District,2013,3309700.1924833334,1368846.605637586,3,2224036.4689,4847389.702
transaction,Mbarara District,2014,4272022.851225667,3107878.2629636503,3,755145.988117,6649000
transaction,Mbarara District,2015,17735236.317955554,1499660.4070604024,9,15881787.0681,20564800.6635
transaction,Mbarara District,2017,2477441.52427,NA,1,2477441.52427,2477441.52427
transaction,Mitoma District,2013,44593.4335436,NA,1,44593.4335436,44593.4335436
transaction,Mityana District,2013,2309654.394352,1688513.6773183793,5,530171.393,4847389.702
transaction,Mityana District,2014,6030461.28278,874745.8427453806,2,5411922.56556,6649000
transaction,Moroto District,2013,240880.70728775,196567.4503314373,8,134963.939777,658861.970778
transaction,Moroto District,2014,8308717.167143334,10539393.41009886,12,103291.384086,26639031.4336
transaction,Moroto District,2015,140614.865521,10573.616520880847,4,133604.939452,156358.9
transaction,Moyo District,2014,12658359.905953249,10736098.143633118,8,152697.311731,26639031.4336
transaction,Moyo District,2017,289119.789662,NA,1,289119.789662,289119.789662
transaction,Mpigi District,2013,3309700.1924833334,1368846.605637586,3,2224036.4689,4847389.702
transaction,Mpigi District,2014,6030461.28278,874745.8427453806,2,5411922.56556,6649000
transaction,Mpigi District,2017,2477441.52427,NA,1,2477441.52427,2477441.52427
transaction,Mubende District,2013,2309654.394352,1688513.6773183793,5,530171.393,4847389.702
transaction,Mukono District,2013,13337077.626253538,25494531.506587345,17,-3569.77952984,103331074.849
transaction,Mukono District,2014,6030461.28278,874745.8427453806,2,5411922.56556,6649000
transaction,Mukono District,2015,196794.98937533333,17112.480653807477,3,184916.785259,216409.551
transaction,Nakapiripirit District,2013,240880.70728775,196567.4503314373,8,134963.939777,658861.970778
transaction,Nakapiripirit District,2014,9199755.224607,11422300.13828718,10,103291.384086,26639031.4336
transaction,Nakapiripirit District,2015,140614.865521,10573.616520880847,4,133604.939452,156358.9
transaction,Nakapiripirit District,2017,4565914.269564999,1435112.6782608002,2,3551136.363,5580692.17613
transaction,Nakaseke District,2013,41805453.13866754,45055999.22586966,4,-3569.77952984,103331074.849
transaction,Nakaseke District,2016,2375812.64401,37211.58899911384,2,2349500.07709,2402125.21093
transaction,Nakasongola District,2014,6030461.28278,874745.8427453806,2,5411922.56556,6649000
transaction,Nakasongola District,2016,2375812.64401,37211.58899911384,2,2349500.07709,2402125.21093
transaction,Namayingo District,2014,8539303.493865,3786834.7148951683,2,5861606.98773,11217000
transaction,Namutumba District,2014,7284882.3883225005,2670804.2913111006,4,5411922.56556,11217000
transaction,Napak District,2013,339716.5680975,252969.59375047853,4,136425.648,658861.970778
transaction,Napak District,2014,697898.891001,1065528.6417292308,4,103291.384086,2290459.68087
transaction,Nebbi District,2013,77061.65672136,6226.3988600993225,5,71590.5032659,83919.1144014
transaction,Nebbi District,2014,11506370.99205511,10620712.502026645,9,152697.311731,26639031.4336
transaction,Ngora District,2014,6030461.28278,874745.8427453806,2,5411922.56556,6649000
transaction,Ntungamo District,2013,3309700.1924833334,1368846.605637586,3,2224036.4689,4847389.702
transaction,Nwoya District,2013,469545.306884325,455667.31471210835,4,83442.2945853,1089000.00131
transaction,Nwoya District,2014,1138440.098278,1463921.350683397,2,103291.384086,2173588.81247
transaction,Nwoya District,2017,9029165.999455,10389787.367486304,3,159211.593805,20459900
transaction,Otuke District,2014,103291.384086,0,2,103291.384086,103291.384086
transaction,Oyam District,2013,809585.697155,395151.498457042,2,530171.393,1089000.00131
transaction,Oyam District,2014,10147346.2015798,10847704.398167016,10,103291.384086,26639031.4336
transaction,Oyam District,2017,4013611.47024125,5503946.741106764,12,128996.210211,20459900
transaction,Pader District,2014,9916111.308305636,10182420.595991733,11,103291.384086,26639031.4336
transaction,Pader District,2015,203333.59058316666,75079.13935571084,6,128262.918268,297092.619
transaction,Pader District,2016,236442.448065,NA,1,236442.448065,236442.448065
transaction,Pader District,2017,4791069.9707435,5744191.850330209,10,159211.593805,20459900
transaction,Pallisa District,2014,12658359.905953249,10736098.143633118,8,152697.311731,26639031.4336
transaction,Rakai District,2013,3778942.0232145,1147009.210035289,20,1975259.39858,6343693.0992
transaction,Rakai District,2014,6030461.28278,874745.8427453806,2,5411922.56556,6649000
transaction,Rakai District,2016,2375812.64401,37211.58899911384,2,2349500.07709,2402125.21093
transaction,Rukungiri District,2014,6030461.28278,874745.8427453806,2,5411922.56556,6649000
transaction,Sembabule District,2013,3309700.1924833334,1368846.605637586,3,2224036.4689,4847389.702
transaction,Sembabule District,2014,6030461.28278,874745.8427453806,2,5411922.56556,6649000
transaction,Sembabule District,2016,2375812.64401,37211.58899911384,2,2349500.07709,2402125.21093
transaction,Serere District,2014,6030461.28278,874745.8427453806,2,5411922.56556,6649000
transaction,Sheema District,2013,809585.697155,395151.498457042,2,530171.393,1089000.00131
transaction,Sironko District,2014,14867659.447011,11738290.642745435,6,152697.311731,26639031.4336
transaction,Soroti District,2013,809585.697155,395151.498457042,2,530171.393,1089000.00131
transaction,Soroti District,2014,13270759.9819626,9906273.64185927,10,152697.311731,26639031.4336
transaction,Soroti District,2015,226042.50336033333,19656.51122365872,3,212398.516265,248573.082
transaction,Tororo District,2014,13270759.9819626,9906273.64185927,10,152697.311731,26639031.4336
transaction,Tororo District,2015,196794.98937533333,17112.480653807477,3,184916.785259,216409.551
transaction,Tororo District,2016,211113.19060966666,18357.53270765687,3,198370.763883,232154.848
transaction,Wakiso District,2013,3309700.1924833334,1368846.605637586,3,2224036.4689,4847389.702
transaction,Wakiso District,2017,2477441.52427,NA,1,2477441.52427,2477441.52427
transaction,Yumbe District,2013,77061.65672136,6226.3988600993225,5,71590.5032659,83919.1144014
transaction,Yumbe District,2014,14867659.447011,11738290.642745435,6,152697.311731,26639031.4336
transaction,Yumbe District,2017,289119.789662,NA,1,289119.789662,289119.789662
transaction,Zombo District,2014,2290459.68087,NA,1,2290459.68087,2290459.68087
